contact_id,firstname,lastname,email,phone,company_id,job_title
1,Timothy,Valenzuela,nathaniel51@thompson-colon.com,(287)892-1753,746,Engineer
2,Nathan,Bishop,fhughes@gmail.com,230-253-6407,875,Product Manager
3,Kathy,Shepherd,shannon57@yahoo.com,(661)690-4539x858,564,Product Manager
4,Michael,Hawkins,xward@olson-cooper.net,001-028-738-7541x63631,48,Sales Manager
5,Patricia,Munoz,michelenorman@roberson-johnston.biz,+1-507-221-6040x352,233,Sales Manager
6,Cindy,Gross,fstone@robinson.com,+1-035-670-9358,853,Data Analyst
7,Tiffany,Thomas,rachaelmarquez@hotmail.com,+1-550-305-4386x5039,646,Product Manager
8,Stephanie,Fisher,katherine52@gmail.com,355-295-4355x5255,230,Data Analyst
9,Alexander,Sanchez,caleb31@hotmail.com,465.811.9361,561,Product Manager
10,Andrew,Lucas,ofisher@jackson.biz,909-979-5275,149,Engineer
11,Michael,Clayton,ericwilliams@hotmail.com,646.429.1422x178,670,Product Manager
12,Carl,Jackson,daniel74@gmail.com,001-873-723-7260x524,201,Product Manager
13,Zachary,Jenkins,thomasjennifer@delgado-morgan.com,698-887-7848,470,Marketing Executive
14,Katrina,Johnston,pwise@pennington-bridges.biz,427.089.1013,371,Marketing Executive
15,Audrey,Gilbert,gwalker@yahoo.com,629.144.2292,845,Consultant
16,Diane,Dodson,gdixon@hotmail.com,(783)028-9819x671,113,Engineer
17,Carol,Williams,tyler14@yoder.com,001-536-069-8296,517,Sales Manager
18,Valerie,Parks,nicolejones@gmail.com,557-320-8513,809,Product Manager
19,Gregory,Hensley,zthomas@ross.com,+1-434-768-1074,643,Sales Manager
20,Melissa,Burton,sjackson@hotmail.com,001-608-845-8914x253,358,Product Manager
21,Nathaniel,Higgins,johnsonangela@mays.org,957-773-2324,189,Marketing Executive
22,Wendy,Pacheco,johnhuber@hotmail.com,762.459.1111,164,Sales Manager
23,Derek,Harrell,elizabethmacias@yahoo.com,+1-912-503-3251,831,Sales Manager
24,Amanda,Johnson,qhensley@hotmail.com,(389)162-2975x65483,779,Sales Manager
25,Daniel,Garner,brandon28@fuller.info,001-591-759-5320,928,Marketing Executive
26,Tyler,Perez,ajohnson@yahoo.com,432-539-8421,555,Consultant
27,Adrian,Smith,vreed@cameron.biz,1181145939,323,Data Analyst
28,Gavin,White,lmoore@smith.com,(706)264-1980,901,Marketing Executive
29,Mason,Coleman,chadconner@yahoo.com,636-319-6609x392,444,Consultant
30,Paige,Hill,crystaljohnson@thompson.com,365.951.8266x649,271,Consultant
31,James,Weber,michele99@carson.com,+1-980-362-3935x750,529,Marketing Executive
32,Laura,Payne,leah83@cook.com,269.547.1332x472,997,Data Analyst
33,David,Cox,qvalenzuela@arnold.biz,+1-729-347-6125,918,Data Analyst
34,Jeremy,Byrd,erichardson@kline.com,465.609.3304x7131,436,Engineer
35,Ronald,Smith,joshua64@miller-wilson.com,568-558-1026x1826,354,Product Manager
36,Diane,Morales,pamela36@yahoo.com,(238)138-6582x235,260,Consultant
37,Kaitlin,Franklin,lewismatthew@garcia.com,+1-034-931-5409x7813,66,Data Analyst
38,Jesse,Morgan,christian79@duran-ray.com,306.034.7986,234,Sales Manager
39,Steven,Gray,michelewalker@vincent-phillips.com,(475)067-9371x170,612,Data Analyst
40,Valerie,Morgan,lindsaybaker@olson.com,484-651-9706x7966,327,Marketing Executive
41,Shannon,Mays,handerson@hayes.com,1296702128,923,Sales Manager
42,Yvonne,Wood,gevans@yahoo.com,(998)847-1674,788,Product Manager
43,Megan,Sharp,cynthia65@hotmail.com,+1-415-864-5490x271,962,Consultant
44,Carrie,Brady,lauranunez@hill.com,001-655-330-3576x46130,60,Engineer
45,Danielle,Ayers,huffrobert@gmail.com,388-585-3766x3029,396,Marketing Executive
46,Samantha,Garza,jenniferbarrett@haynes.info,001-261-351-3706x601,727,Consultant
47,James,Moore,william95@johnson-smith.org,842-819-7667,702,Product Manager
48,Paula,Lee,rodneycline@gmail.com,(501)278-3384x19011,868,Engineer
49,Robert,Baker,dariusdouglas@yahoo.com,848.404.4585x687,910,Product Manager
50,Mark,Munoz,alicia15@garcia-rush.com,001-467-993-0615x31905,306,Marketing Executive
51,Lori,Hernandez,jacksonandrea@gibson.com,001-046-666-6084,665,Data Analyst
52,Cameron,Diaz,lambertryan@yahoo.com,677-350-4250,147,Sales Manager
53,Jordan,Johnson,erica82@yahoo.com,417-462-9989,808,Marketing Executive
54,Barbara,Watts,regina74@hotmail.com,579.933.2684,660,Data Analyst
55,Michael,Patterson,colleenwilliams@zamora.biz,001-734-125-5538x201,371,Engineer
56,Kimberly,Colon,sduncan@hopkins-hamilton.biz,446-876-4132x6962,978,Consultant
57,Anthony,Cox,fullertamara@gmail.com,618-792-1535x2092,377,Sales Manager
58,Mark,Watson,tammy81@sullivan.com,001-190-232-6354x38723,719,Engineer
59,Alexander,Foster,williecantrell@yahoo.com,(268)746-7461x913,14,Consultant
60,Sophia,Byrd,burtonamanda@hotmail.com,866-096-2781x67479,131,Product Manager
61,Jay,Brewer,kristinmiller@cobb.biz,652.928.4226,842,Sales Manager
62,Kimberly,Kidd,tanyarussell@hotmail.com,+1-371-269-0900x2981,442,Engineer
63,Alicia,Ward,hollanddavid@ferrell-anderson.org,001-525-949-1905x50713,779,Data Analyst
64,Susan,Scott,yporter@jacobson-rodriguez.com,+1-921-319-6226x039,779,Consultant
65,Erica,Wall,jeremypage@hotmail.com,568-268-1931x617,123,Engineer
66,Mary,Gonzalez,janice47@hotmail.com,(923)874-5261x9508,536,Marketing Executive
67,Jill,Crane,kentsteven@gmail.com,+1-419-409-6115x8658,487,Consultant
68,Theresa,Anderson,graytracy@murphy.biz,001-555-145-0682x2869,241,Marketing Executive
69,Theresa,Smith,istone@yahoo.com,001-608-571-4151x48528,575,Engineer
70,Marc,Vaughn,jgarcia@williams-thompson.biz,423-475-0975x404,996,Consultant
71,William,Kelley,todd17@gmail.com,290-140-5409x5838,929,Data Analyst
72,Taylor,Duke,fcruz@bell-summers.info,601-208-7252x9670,883,Product Manager
73,Laura,Yoder,ycunningham@gmail.com,+1-886-897-8562x302,597,Marketing Executive
74,Jessica,Martin,braunrobert@hotmail.com,001-996-738-7144x419,994,Consultant
75,Barbara,Hurley,jwilcox@hotmail.com,001-823-305-8022x5635,641,Consultant
76,Charles,Glenn,catherine10@yahoo.com,+1-580-062-2590x32291,850,Product Manager
77,Carl,Brown,abaker@hotmail.com,9826964262,698,Consultant
78,Tammy,Vargas,dominique11@martinez.biz,1418382507,486,Product Manager
79,Susan,Reyes,savannah10@burch.com,001-158-187-8836x9560,666,Data Analyst
80,Lindsay,Gray,kmorgan@hotmail.com,+1-766-271-8959x3679,340,Data Analyst
81,Vincent,Walker,emily90@lee.org,163.873.1244,131,Sales Manager
82,Jared,Holt,hannah90@mason.com,014.196.3687,823,Marketing Executive
83,Joseph,Wood,carrillothomas@gmail.com,445.782.4499,452,Consultant
84,Daniel,Becker,ronald94@gmail.com,(213)939-8987,961,Product Manager
85,Michael,Long,harmonernest@hotmail.com,+1-635-272-1050x9004,540,Sales Manager
86,Joanne,Valenzuela,hhines@gmail.com,+1-284-975-6306,778,Sales Manager
87,Andrea,Reed,robertramsey@roberts-gilbert.org,077-829-4206x167,552,Sales Manager
88,Joseph,Bauer,marisa20@hotmail.com,+1-707-560-9233x87970,652,Data Analyst
89,Larry,Rivera,garrettchristensen@morales-sherman.com,344.083.5619x86320,578,Marketing Executive
90,Steven,Campbell,ksantos@hotmail.com,374.360.5799x6272,162,Consultant
91,James,Thompson,kclements@hotmail.com,001-349-302-2631,266,Data Analyst
92,Rita,Robinson,belindanelson@anderson.info,3227468851,436,Consultant
93,Kimberly,Bartlett,jeffrey94@pearson.com,047-427-3913,356,Data Analyst
94,Felicia,Reese,jamesnicholas@mendez-marshall.com,976-476-6628,611,Product Manager
95,Tammy,Christian,bsimmons@gmail.com,468.930.2021,848,Consultant
96,Nathaniel,Cain,austinrachel@miller.com,001-958-205-7246,301,Data Analyst
97,Erin,Moore,lindsay10@reed.com,881.074.7739x233,90,Engineer
98,Jacqueline,Brown,justin24@yahoo.com,125-392-6797,952,Engineer
99,Juan,Gibson,bruce14@hotmail.com,(865)284-7729,960,Data Analyst
100,Brittney,Smith,rogersrachel@herman.net,(512)624-0642,159,Engineer
101,Sara,Wang,lisa21@lynch.com,2288554338,317,Data Analyst
102,Beth,Frazier,gparker@castillo.com,939-446-8819x63421,129,Data Analyst
103,Gary,Bolton,robin20@delgado-morton.com,230.089.0971,916,Data Analyst
104,Tamara,Huang,rodrigueznancy@vega.com,548.609.0844x50830,368,Consultant
105,Mark,Brown,lauren76@yahoo.com,3354071505,759,Consultant
106,Jeffrey,Burch,mitchellcynthia@farrell.org,737.253.2901x17834,29,Consultant
107,April,Brady,williamschristine@castro.com,001-922-279-5607x300,336,Engineer
108,Brittany,Snyder,andrewfreeman@pearson-ho.net,+1-236-905-0779x4031,904,Engineer
109,Carolyn,Gray,fdurham@miller-woods.com,001-965-484-8461x41236,938,Marketing Executive
110,Jesse,Montoya,websterjustin@baker-hawkins.com,(535)863-5357x1239,820,Sales Manager
111,Alicia,Silva,lmcconnell@pena.org,001-581-605-1931x855,67,Sales Manager
112,Stephen,Sullivan,uhanson@yahoo.com,453-456-8758x802,993,Data Analyst
113,Patricia,Bush,chrishahn@yahoo.com,001-556-627-3501,690,Sales Manager
114,Stephen,Williams,deborahhill@reed-fowler.com,(650)076-4233x94242,751,Marketing Executive
115,Lauren,Nielsen,robertcalhoun@yahoo.com,(086)163-8184,989,Data Analyst
116,Michelle,Beasley,dominique93@mcgee-lee.org,+1-375-604-8859x910,835,Marketing Executive
117,Cory,Perez,sheilaholland@oconnell.com,036.769.7791,802,Marketing Executive
118,Veronica,Jones,levychase@hendricks.biz,889.439.4381x31903,216,Marketing Executive
119,Aaron,Gaines,davisedward@gmail.com,9801375298,106,Marketing Executive
120,Catherine,Reyes,bsmith@hotmail.com,959-428-6563,760,Sales Manager
121,Tina,Lambert,gary05@hotmail.com,519-823-4100x883,947,Consultant
122,Benjamin,Bowers,pmercer@gmail.com,453-571-5440,779,Marketing Executive
123,Allen,Perez,phillipsdominique@schwartz.net,011-125-6087x27100,231,Data Analyst
124,Michelle,Grant,tinapalmer@miller.com,756.943.7902x839,155,Sales Manager
125,Monica,Ashley,braykimberly@hotmail.com,001-899-215-0487,255,Data Analyst
126,Daniel,Harris,sullivantiffany@yahoo.com,754.390.6888,119,Marketing Executive
127,Heather,Brooks,debbie32@gmail.com,632-299-3234x8638,1,Data Analyst
128,Dylan,Johnson,douglasmia@taylor.com,(718)154-4760x10214,300,Data Analyst
129,Michael,Carrillo,aacosta@barber.net,001-975-904-1300,336,Marketing Executive
130,Ashley,Campbell,tbrown@bean.com,+1-888-785-6146x1127,180,Data Analyst
131,Teresa,Ferguson,yoderjames@sandoval.org,+1-485-153-8377x62799,915,Consultant
132,Thomas,Harris,evan43@yahoo.com,037.522.5048,361,Consultant
133,Adrian,Brown,elliottyolanda@conley.com,3204539821,178,Sales Manager
134,Madison,Davis,fbeck@cannon-powell.info,001-302-929-8266x72959,120,Sales Manager
135,Jose,Barnes,kingtroy@hotmail.com,+1-616-499-2224,334,Product Manager
136,Jacob,Wilkins,hollandtimothy@chan-mckinney.com,+1-047-975-6073x7928,241,Product Manager
137,Melinda,Holder,jeffreygray@johnson-terry.com,245.994.6001x3912,175,Data Analyst
138,Harold,Tran,rosslaura@sanders.com,(362)857-5685x38355,553,Consultant
139,Ashley,Combs,whitney75@coleman-roberts.com,370.281.2058x309,260,Sales Manager
140,Kimberly,Patterson,katrinaking@hotmail.com,756.596.1617x808,874,Sales Manager
141,Jeffrey,Phelps,snydermichael@yahoo.com,118-606-0513,893,Engineer
142,David,Hill,marshalllindsay@gmail.com,(663)508-2423x56807,935,Sales Manager
143,Erica,Clark,tabitha71@gmail.com,(112)334-8055,708,Marketing Executive
144,Gabriel,Martinez,eknight@byrd.org,251-258-1609x810,185,Marketing Executive
145,Stephen,Lopez,etucker@rodriguez-dickerson.net,2194389123,588,Marketing Executive
146,Diana,Roberts,brian00@hotmail.com,001-370-326-9863x227,112,Product Manager
147,Brent,Lee,dannyroberts@gmail.com,(106)747-5516,187,Data Analyst
148,Maureen,Castillo,brendaalvarez@chase.com,3768361401,274,Product Manager
149,Amy,Melton,michellestewart@garner-snyder.com,979.432.0438x067,770,Data Analyst
150,Audrey,Pope,kathleen33@sandoval.com,076.729.8786x1289,300,Marketing Executive
151,Albert,Daniel,qaustin@hotmail.com,565-119-8474,726,Engineer
152,Jennifer,Rhodes,vanessa16@wang.net,581.407.7527x69392,22,Consultant
153,Ashley,Flynn,mcastro@gmail.com,320.276.7595x664,11,Consultant
154,Denise,Smith,qwilliams@hotmail.com,873-331-5591,59,Product Manager
155,Robert,Manning,kellererin@carter.biz,5967710876,356,Data Analyst
156,Jessica,Caldwell,davidjohnson@gmail.com,+1-536-752-2045x4457,495,Sales Manager
157,Paul,Anderson,marvin81@baker.org,636.661.1844,28,Sales Manager
158,Brianna,Morris,andrew14@gmail.com,845-836-1552,84,Marketing Executive
159,Margaret,Mason,gwright@yahoo.com,(928)612-1407,320,Data Analyst
160,Janet,Ross,smithelizabeth@gmail.com,1377026959,260,Engineer
161,Larry,Brown,michellepotter@hotmail.com,001-401-875-6079x7349,218,Marketing Executive
162,Kaitlyn,Massey,gsoto@hotmail.com,481.534.7390x23756,558,Data Analyst
163,Paul,Lopez,woodbrittany@nixon-phillips.com,696.739.8043,632,Data Analyst
164,Erin,Evans,stephanie13@hotmail.com,(123)459-0186,206,Engineer
165,Brittany,Ellis,deborah24@gmail.com,991.443.0079,777,Sales Manager
166,Danny,Robles,shermanregina@yahoo.com,114.853.6798,468,Consultant
167,Stephanie,Miller,marissafields@daniels.com,(870)795-9735x42157,457,Product Manager
168,Christina,Cherry,pfields@hotmail.com,001-270-869-4626,628,Engineer
169,Christopher,Thompson,jameslong@hotmail.com,(670)642-8562x5940,591,Product Manager
170,Hannah,Conley,kschmidt@torres.com,919-159-8694x5999,983,Engineer
171,Karen,English,mckayapril@gmail.com,463.065.5448x33989,36,Sales Manager
172,Stephanie,Stuart,jason50@hart-proctor.biz,(483)555-6846x1725,173,Consultant
173,Sabrina,Welch,brianthomas@yahoo.com,+1-440-401-5162x93285,367,Sales Manager
174,Marissa,Wilkins,angela91@williams.com,+1-194-147-8592x078,289,Sales Manager
175,April,Fischer,xelliott@gmail.com,812.887.2724x7197,186,Product Manager
176,Christopher,Richardson,alicia83@gmail.com,237-159-4436x0191,245,Sales Manager
177,Kimberly,Moore,edgargood@yahoo.com,721.394.0607x15400,726,Sales Manager
178,Lori,Jones,wesley12@hotmail.com,814.823.9041x413,11,Data Analyst
179,Jennifer,Bell,christine19@hotmail.com,035.605.2134,713,Product Manager
180,Jesse,Scott,mark92@bush-wright.com,+1-844-310-7232x293,52,Engineer
181,Sherry,Howell,thompsonjennifer@stephenson.com,3863020322,474,Sales Manager
182,Robin,Sheppard,epruitt@gmail.com,801.890.1820x66756,728,Product Manager
183,Eduardo,Lang,andrewcruz@green-ross.com,(143)811-6217x51173,560,Engineer
184,Caitlin,Porter,krystal84@gmail.com,+1-975-719-1801,656,Data Analyst
185,Pamela,Smith,deancook@kerr.com,001-882-839-2447x500,382,Marketing Executive
186,Nicole,Jensen,oguzman@fields.biz,179.627.6828,396,Consultant
187,Patricia,Gray,milessarah@davis.com,+1-436-774-7963x1832,613,Sales Manager
188,Elizabeth,Garcia,michaelbrown@green.net,702.458.3287,600,Data Analyst
189,Christine,Hampton,kathrynwelch@collins.com,434-845-2364,301,Sales Manager
190,Jennifer,Barnes,markallen@mckenzie.com,560.441.4307x063,913,Sales Manager
191,Richard,Lee,franciscowilliams@gmail.com,708-366-1964x57885,794,Data Analyst
192,Heather,Flores,brittneyford@gmail.com,793.016.8013x7470,944,Consultant
193,Matthew,Morgan,cindy32@yahoo.com,(642)992-3252,363,Data Analyst
194,Jesse,Gomez,jdixon@anderson-tate.org,258.133.8245,713,Sales Manager
195,Pamela,Oconnor,amandadixon@williams-daugherty.com,784.486.8680x3838,850,Sales Manager
196,Barbara,Nichols,amy11@short.info,921-936-5623,325,Product Manager
197,Adrian,Lynn,woodcrystal@cooper-macdonald.com,7355612902,293,Data Analyst
198,Theresa,Sellers,ojensen@williams.com,(518)515-4464,283,Engineer
199,Sarah,Munoz,daniellebarber@watts.com,357-959-4784x4685,547,Sales Manager
200,Shane,Holland,jacobsconnor@watson.info,048.309.0778,126,Product Manager
201,Todd,Mora,qjohnson@yahoo.com,448.430.5044x010,879,Consultant
202,Terri,Mills,kwilkins@hernandez.com,001-530-118-6169x43567,905,Product Manager
203,Raymond,Cochran,grahamveronica@hotmail.com,(856)041-1749x7264,412,Sales Manager
204,Arthur,Montgomery,pamela07@stanley.com,373-447-7662,833,Data Analyst
205,Rodney,Smith,steven83@yahoo.com,584-988-7159x97212,852,Data Analyst
206,Elizabeth,Myers,hcontreras@yahoo.com,001-618-889-3937x59263,859,Consultant
207,Bruce,Palmer,rodney79@hotmail.com,+1-198-244-9166,354,Product Manager
208,Samantha,Poole,williamsbreanna@gmail.com,001-932-097-2664x63738,263,Consultant
209,Jessica,Flores,justinblanchard@rhodes.com,7491602210,218,Product Manager
210,Allen,Johnson,butlerzachary@hotmail.com,911.047.2444,449,Consultant
211,Amy,Jones,james19@rivas-davis.biz,(356)315-5620x909,558,Marketing Executive
212,Teresa,Stafford,jason70@wade-reyes.com,(251)216-4486x96811,394,Data Analyst
213,William,Bailey,cmckee@reid.org,001-035-726-6615x1726,124,Data Analyst
214,Angelica,Collins,owalter@wang-sanford.com,084.614.5638,934,Marketing Executive
215,Ethan,Spencer,jonathan53@yahoo.com,015-709-2413x171,937,Data Analyst
216,Heather,Wright,ivaldez@alvarez.org,(913)251-1207,327,Data Analyst
217,Dominic,Miller,qrodriguez@gmail.com,(817)155-0734x72141,805,Consultant
218,Krista,Farrell,fquinn@black.com,257.995.8331x3178,700,Data Analyst
219,Katherine,Collins,scott61@perez.com,+1-404-199-3493x38498,918,Product Manager
220,David,Lindsey,kendra41@garza.com,852.779.8364x98105,781,Data Analyst
221,Melissa,Ford,cynthia45@gmail.com,001-335-640-9081x61667,882,Marketing Executive
222,Richard,James,aaron01@gmail.com,+1-063-668-8262x230,18,Data Analyst
223,Brenda,Keller,ohall@griffin.net,(348)686-5532x665,937,Engineer
224,Deborah,Wright,thompsonamanda@riley.org,+1-262-935-2408x32785,748,Consultant
225,Marc,Johnson,danielwalker@bowman.com,(882)441-6912,260,Engineer
226,Ashley,Price,davidsanders@gmail.com,009-580-9888x57486,550,Engineer
227,Wendy,Sampson,toddronald@shepherd.com,531.767.2637x865,307,Data Analyst
228,Tracey,Li,justinbowen@braun.com,(535)337-0715x395,190,Sales Manager
229,Mary,Adams,kyle41@smith.info,+1-881-217-6467x7490,374,Engineer
230,Derrick,Potts,djohnson@barry.biz,001-529-584-9078x05945,393,Engineer
231,Linda,Williams,qberry@wolf-cole.com,(284)460-2182x8225,911,Sales Manager
232,Vincent,Perez,wwu@hurst-nunez.com,(644)162-1172x177,514,Marketing Executive
233,Daniel,Moses,christopherphillips@arnold.com,965-783-5485,580,Engineer
234,David,Gilbert,nicholasmiranda@gmail.com,224-596-8139x280,111,Engineer
235,Stephanie,Baker,rodriguezthomas@hotmail.com,913.581.5773x97864,937,Data Analyst
236,Cody,Carter,randy63@rice-oconnor.com,0575042677,646,Engineer
237,Jenna,Rogers,hernandezgregory@gmail.com,(616)265-1817,793,Engineer
238,Stephanie,Hunt,davismaria@weiss-long.com,(560)108-1411x70872,464,Marketing Executive
239,Christopher,Dunn,feliciawatson@allen.biz,764.932.5342x3297,148,Sales Manager
240,Jennifer,Martinez,jacobdennis@yahoo.com,0147225027,34,Sales Manager
241,Jennifer,Smith,phillipgutierrez@gmail.com,(903)848-6570,903,Product Manager
242,Ryan,Barber,trevor84@hill-wright.com,5853817752,31,Data Analyst
243,Tracy,Smith,oaguirre@hotmail.com,849-950-8906,650,Product Manager
244,Karen,Silva,catherinepadilla@gilbert.net,001-082-761-4101x5772,963,Engineer
245,Regina,Lee,kenneth42@stout.com,2481752868,654,Consultant
246,Derrick,Mullins,joanna84@henderson-clark.com,3949620136,598,Sales Manager
247,Jasmine,Rose,tbradley@maddox-hull.info,990.499.7060,973,Product Manager
248,Amy,Rose,nicoledonovan@bridges-hernandez.biz,738.869.1850x792,236,Marketing Executive
249,Brandi,Weber,sarah23@yahoo.com,530-739-9552,960,Consultant
250,Tonya,Chan,chasemikayla@ferguson.com,001-716-663-3420x13617,261,Consultant
251,Erika,Thompson,robinsontyler@hotmail.com,9148010866,871,Marketing Executive
252,Stephen,Torres,adrienne41@ferguson.com,001-674-132-8365,334,Sales Manager
253,Robert,Smith,gpowell@gmail.com,(392)031-6983,505,Data Analyst
254,Nancy,Johnson,kyle90@gmail.com,(219)917-3704,219,Engineer
255,David,Hall,skeller@hotmail.com,932.251.7876,487,Product Manager
256,Jason,Bennett,uhart@gmail.com,001-539-732-6563x77630,189,Marketing Executive
257,Deanna,Wolfe,youngkatie@gmail.com,986-641-3761,736,Consultant
258,Dylan,Robinson,ucordova@gmail.com,889.761.6700x998,667,Engineer
259,Alejandra,Anderson,yweiss@davis.net,(123)346-8195x377,718,Product Manager
260,Courtney,Jackson,eugeneburch@spencer.com,121-582-3667x61766,362,Data Analyst
261,Laura,Ramos,brianmelton@yahoo.com,634-830-0164x0773,504,Engineer
262,Kyle,Rowe,fhunt@yahoo.com,(444)603-7169x27884,16,Sales Manager
263,Vincent,Clark,walkerrichard@yahoo.com,+1-810-308-6434x9821,608,Data Analyst
264,Brittany,Andrews,escott@hotmail.com,+1-539-802-0796x5693,216,Product Manager
265,Steven,Jackson,karen87@collins.com,001-645-737-0281,255,Consultant
266,Allison,Howard,murphysheri@yahoo.com,492-748-4623x8831,149,Sales Manager
267,Hannah,Meadows,frankschmidt@hotmail.com,158-545-1327x59579,596,Consultant
268,Walter,Padilla,jennifercoleman@duncan-orozco.com,(212)905-4321x647,37,Sales Manager
269,Willie,Garrett,heidi44@gmail.com,(908)268-6800x18492,517,Engineer
270,Nicholas,Moore,currymary@brewer.biz,(730)354-3053,421,Marketing Executive
271,Angela,Bernard,scampbell@sandoval.net,+1-373-151-3723x74947,979,Engineer
272,Dana,Brennan,alexischavez@hotmail.com,+1-363-078-5600,50,Marketing Executive
273,Lauren,Rodriguez,josephnelson@young.net,001-083-165-6652x403,455,Marketing Executive
274,John,Kemp,davidbrooks@wilson.biz,(195)981-4832,387,Data Analyst
275,Preston,Rodgers,bgiles@hotmail.com,001-134-905-9174,133,Sales Manager
276,Walter,Bell,yrodriguez@yahoo.com,972.679.0379,997,Product Manager
277,Michelle,Waters,gary55@romero.net,001-308-182-4074,106,Marketing Executive
278,Kylie,Marsh,michael91@mccarty.com,+1-475-902-7004,118,Data Analyst
279,Denise,Cook,greentina@gmail.com,+1-901-570-2090x96741,611,Marketing Executive
280,Kevin,Robinson,eddiesaunders@thomas.info,001-135-140-2471x19949,699,Sales Manager
281,Jonathan,Miles,williamsonmary@gmail.com,001-813-553-9233,825,Sales Manager
282,Jacob,Thompson,walkerdennis@miller.com,925-794-2740,755,Engineer
283,Cynthia,Diaz,ztodd@norris-morris.com,333.956.3963,672,Consultant
284,Heather,Richardson,asmith@patton.com,001-173-520-8359x9401,692,Product Manager
285,Rachel,Murphy,hinesjonathan@young.com,475-623-4519x8025,588,Consultant
286,Virginia,Bauer,melissa82@hotmail.com,181.218.2683x7320,654,Product Manager
287,Jamie,Rodriguez,glawrence@hotmail.com,(860)573-5612x8423,668,Marketing Executive
288,Corey,Mcmahon,gentryjohn@gomez.info,(108)763-4582x11236,474,Consultant
289,Daniel,Adams,elizabethblackburn@gmail.com,+1-968-090-8857,215,Data Analyst
290,Jonathan,Jones,william79@hotmail.com,(154)664-0549x93466,668,Marketing Executive
291,Taylor,Mendez,brandonhardy@wright-mueller.biz,964.491.2422x7472,330,Engineer
292,Leon,Sloan,ashleyedwards@evans.net,(867)254-9917x777,116,Consultant
293,Bryan,Lopez,roychristian@jackson-cunningham.org,005-903-2896x3787,746,Data Analyst
294,Scott,Fowler,xsalas@carter.com,001-327-339-9473,501,Product Manager
295,Alec,Kim,hallrebecca@craig-mcguire.com,830-540-8447x8669,82,Product Manager
296,Stacy,Daugherty,anthonynolan@butler.com,3924499405,724,Data Analyst
297,Rachel,Clark,kathryncochran@rodriguez-hall.com,+1-268-353-8808x29238,98,Consultant
298,Javier,Harmon,emoore@gmail.com,+1-268-939-9857x3421,3,Data Analyst
299,John,Velasquez,zoe58@long.com,263-150-9174x778,961,Engineer
300,Robert,Robinson,wilsoncraig@moody-church.com,(739)519-2344,2,Marketing Executive
301,Sherry,Thompson,christopher00@stevens.com,143.776.6068,489,Consultant
302,Jacob,Sanchez,reaton@buckley.com,(435)080-2976,825,Sales Manager
303,Rhonda,Chang,xmason@gmail.com,(856)158-5647x31288,146,Consultant
304,Dean,Roberts,russelljuan@hotmail.com,001-667-879-3796x392,443,Consultant
305,Edwin,Ferguson,francisanthony@yahoo.com,7006615077,504,Sales Manager
306,Jennifer,Martinez,rhoffman@levine.info,(230)388-1716x89054,938,Engineer
307,Aaron,Peters,glane@hotmail.com,233.607.1024x77817,398,Consultant
308,Peter,White,zacharyrogers@hotmail.com,001-948-816-4951,519,Sales Manager
309,Natasha,White,edwardsmegan@yahoo.com,624-217-7911x91985,756,Marketing Executive
310,Abigail,Jones,torreskevin@nunez.org,906-730-0918x1777,427,Product Manager
311,Nathan,Lucas,solismatthew@hotmail.com,714.346.5318,196,Marketing Executive
312,Jenna,Berger,vwilliams@hotmail.com,+1-278-732-9427x217,681,Product Manager
313,Jennifer,Martinez,ychambers@yahoo.com,029.995.2872x783,240,Sales Manager
314,Carrie,Ramirez,valeriegiles@gmail.com,(086)553-8857,935,Product Manager
315,James,Tran,rivascarrie@huynh.com,(421)663-3516,546,Product Manager
316,Anthony,Mckay,qlewis@gmail.com,+1-314-625-2748x0727,471,Sales Manager
317,Mitchell,Bishop,rmorris@gmail.com,858.271.1087,707,Marketing Executive
318,Erin,Lopez,sheila75@gmail.com,9851019845,225,Sales Manager
319,Marcus,Vincent,mvega@yahoo.com,(090)915-2074x39332,201,Product Manager
320,Charles,Jenkins,shannonthomas@yahoo.com,+1-676-628-1512x09981,50,Consultant
321,Anita,Schultz,collinhaynes@yahoo.com,+1-724-357-0228x93168,81,Marketing Executive
322,Joyce,Rhodes,patrickhicks@ramirez-vazquez.net,7679166312,350,Data Analyst
323,Jodi,Rivera,raymondchen@gmail.com,+1-904-046-6226x180,312,Marketing Executive
324,Amanda,Ward,millerpatty@hotmail.com,027.135.8137,368,Sales Manager
325,Christina,Gray,hcook@rodgers-burns.info,083.250.3072,562,Consultant
326,Jeffrey,Owens,natasha75@hotmail.com,001-423-257-4630,993,Product Manager
327,Rebecca,Perez,erin81@hotmail.com,0508017791,79,Data Analyst
328,Julie,Lopez,donald37@gmail.com,313-056-6334,453,Sales Manager
329,Shannon,Horton,melissa61@hotmail.com,+1-230-348-1639x928,634,Product Manager
330,Hannah,Webb,ricardoperez@holloway.com,(920)326-9487x078,552,Consultant
331,Tiffany,Davis,joneshector@yahoo.com,551-327-9092,12,Consultant
332,Anna,Phillips,brownalexander@gmail.com,7819526025,396,Marketing Executive
333,Dana,Preston,rcook@yahoo.com,001-316-981-7804x77556,920,Product Manager
334,Shelley,Potter,rachel08@atkins-moran.org,001-425-804-2995x36483,808,Engineer
335,Billy,Taylor,amanda05@mckenzie-bradley.com,(373)614-6009x415,323,Sales Manager
336,Robert,Adams,ffrench@hotmail.com,+1-228-249-4550x429,327,Data Analyst
337,Nancy,Galloway,cmyers@crawford.com,(528)176-6140,683,Engineer
338,Jennifer,Lee,mphillips@riley-wilson.com,+1-416-025-6735x576,92,Marketing Executive
339,Yvette,Campbell,jonathan79@phillips.org,985-486-9469,877,Marketing Executive
340,Joyce,Shepherd,mburke@gmail.com,319-424-0648x96233,510,Sales Manager
341,Monica,Curry,benjamin26@hotmail.com,237.090.1341,400,Product Manager
342,Juan,Brooks,george36@williams.com,070-283-0589x2950,649,Consultant
343,Rebecca,Padilla,angelagoodwin@yahoo.com,+1-916-530-7053,38,Data Analyst
344,John,Harris,matamelissa@pena.org,+1-859-077-9211x54176,91,Data Analyst
345,Keith,Evans,smithcynthia@hotmail.com,(831)392-2491,433,Data Analyst
346,Jacob,Rush,joelwiley@silva-thomas.com,961-082-5580x890,287,Data Analyst
347,Felicia,Durham,jenna98@yahoo.com,001-633-749-4295,243,Marketing Executive
348,Leslie,Love,kaitlyn42@owens.com,228-513-2480,972,Marketing Executive
349,Rebecca,Jensen,anita44@gmail.com,+1-170-971-6927x9266,119,Sales Manager
350,Joyce,Scott,bakermark@young.com,001-347-760-1275x49416,173,Engineer
351,Donald,Ramirez,garciajaime@zuniga.com,014.056.9714x115,9,Consultant
352,Deborah,Bond,beth09@erickson-martin.com,652.066.8339x58153,66,Engineer
353,Pamela,Williams,zkelley@hotmail.com,001-172-561-5943x64869,21,Data Analyst
354,Craig,Santos,joseph61@gmail.com,913.996.8975,724,Data Analyst
355,Kim,Moran,jjackson@smith-jordan.net,(767)660-6031x9487,6,Marketing Executive
356,Kelly,Potter,mary56@williams.org,+1-376-269-8980,224,Consultant
357,Jennifer,King,sandrakeller@hotmail.com,868.358.1164x185,219,Marketing Executive
358,Jimmy,Dudley,boydtroy@smith-cabrera.info,001-050-025-9507x84446,654,Data Analyst
359,Sheri,Cooper,npowell@diaz-campbell.com,2431637867,508,Engineer
360,Eric,Giles,hleon@chung-williams.com,+1-416-534-0215x25501,353,Marketing Executive
361,Eric,Skinner,nstevenson@hall.com,155-815-0247,278,Consultant
362,Logan,Potts,randall48@hotmail.com,3913801626,46,Product Manager
363,Andrew,Reynolds,travishernandez@yahoo.com,(266)524-0520,897,Consultant
364,Alisha,Ortiz,thomasmorrison@richard-murphy.com,389.428.4782x05761,96,Consultant
365,Geoffrey,Richardson,thomas02@yahoo.com,5098965740,162,Consultant
366,Christopher,Hinton,amanda33@yahoo.com,594-167-6769,633,Consultant
367,Samuel,House,pnewton@yahoo.com,176-450-5998x11741,889,Marketing Executive
368,Kathleen,Torres,jvasquez@barnes.com,249-493-8029,514,Marketing Executive
369,Teresa,Hall,wagnerpeter@martinez.com,988.090.7874,975,Data Analyst
370,Brandon,Smith,kennethhamilton@rogers-collier.com,670.335.8544,883,Data Analyst
371,Keith,Baker,joseph83@gmail.com,878.985.8225x05529,520,Data Analyst
372,Kathryn,Phillips,rachelwright@bell-carroll.info,001-096-637-1960,745,Engineer
373,Bruce,Doyle,jessica87@hotmail.com,001-163-034-6293x4655,963,Data Analyst
374,Donna,Reyes,mrodriguez@fernandez-davis.net,001-694-330-8079x4627,416,Product Manager
375,Kenneth,Cuevas,sawyerzachary@yahoo.com,681.500.2136x3493,349,Marketing Executive
376,Ashley,Williams,gcox@hotmail.com,+1-338-009-5887x058,605,Product Manager
377,John,Garcia,contreraserica@yahoo.com,388-579-7211,988,Sales Manager
378,Kathy,Smith,uwright@aguirre.com,388-190-3678,29,Consultant
379,Amy,Rogers,sawyerconnie@schmitt.info,993.636.0840,554,Data Analyst
380,Nancy,Mclaughlin,brownmichael@hansen.org,619-740-2357x314,219,Engineer
381,John,Meyer,bailey81@harmon-allen.com,107-582-1059x666,51,Marketing Executive
382,Amanda,Mason,johnsonvalerie@gmail.com,124.093.3824x923,125,Marketing Executive
383,Kevin,Davis,fsaunders@mcdonald.info,6929159635,443,Marketing Executive
384,Jasmine,Patrick,hawkinscheryl@yahoo.com,975.102.9969x714,998,Engineer
385,Sarah,Phillips,brianwalter@hotmail.com,+1-836-982-7928,448,Data Analyst
386,Raymond,Chapman,sandovalchristine@williams.com,767.051.3938,152,Product Manager
387,Steven,Jackson,chelsea86@yahoo.com,491.202.5266x220,238,Engineer
388,Kimberly,Ramirez,torresaudrey@munoz.net,466.979.4553x69528,599,Engineer
389,Lisa,Long,william42@yahoo.com,+1-803-730-6986x353,814,Consultant
390,William,Ramirez,shawn95@ferguson.com,(199)693-4079x4910,313,Consultant
391,Ashley,Morgan,felicia97@gmail.com,(234)231-9497,719,Consultant
392,Tiffany,Key,jramirez@hotmail.com,001-549-191-5020x358,726,Data Analyst
393,Lisa,Patrick,whiteheadshawn@sanchez.com,(294)873-1319,574,Product Manager
394,David,Clark,gregoryshah@kelly-scott.com,+1-014-712-7766x8232,628,Marketing Executive
395,Donald,Butler,reneebrandt@murillo.com,978-041-2033x843,292,Engineer
396,Edward,Munoz,robynbaker@yahoo.com,827.474.5662x848,966,Product Manager
397,Samuel,Nichols,taylorchristopher@smith-garcia.com,001-928-444-2086x079,619,Data Analyst
398,Thomas,Mcdaniel,sullivanemily@copeland.info,+1-875-474-3682x9581,534,Engineer
399,Carrie,Neal,mcneilerin@hotmail.com,+1-692-613-7771x2687,487,Sales Manager
400,Diana,Graham,jennifer11@mendoza.info,(621)126-0692x77783,495,Data Analyst
401,Nichole,Martin,lewiskimberly@farmer.org,7002065368,613,Consultant
402,Anthony,Nelson,palmercarlos@fisher.com,(629)427-4810x7952,554,Consultant
403,Ashley,Lawson,joshua99@johnson.com,541-805-1166,43,Product Manager
404,John,Livingston,joy46@reyes.com,001-748-247-7832,209,Engineer
405,Dana,Thomas,marquezjohn@yahoo.com,333-565-0796x147,295,Marketing Executive
406,Kevin,Bailey,janice31@hotmail.com,(902)905-0176x51011,382,Sales Manager
407,Adam,Walsh,stephanie70@johnston.org,+1-355-599-9567x789,565,Consultant
408,Sarah,Villanueva,xdavis@hotmail.com,190.673.6403,803,Marketing Executive
409,Megan,Goodman,amber79@ruiz.org,873-719-8999,244,Product Manager
410,Emily,Carney,steven68@richards.com,001-051-092-1320x92510,262,Sales Manager
411,Cory,Luna,matthewsjennifer@jarvis-wright.com,(267)571-4395,973,Marketing Executive
412,Donald,Zuniga,jeremy86@gmail.com,+1-313-238-0558x344,333,Marketing Executive
413,Evan,George,tbutler@curtis.com,510.861.1529,433,Product Manager
414,Austin,Curtis,kenneth84@yahoo.com,543.259.3377,958,Data Analyst
415,Kimberly,Parker,rbuckley@hernandez-rice.info,476-376-6968,151,Marketing Executive
416,Benjamin,Wilson,jonbrown@hotmail.com,723.311.9824,337,Engineer
417,Vincent,Lloyd,alexavasquez@maynard-sherman.com,930-931-6328,826,Data Analyst
418,Eduardo,Salinas,ahowell@hotmail.com,489-496-6944,131,Marketing Executive
419,Alexandra,Graham,uyoung@hotmail.com,+1-131-928-1637,239,Engineer
420,Jay,Adkins,vgregory@gonzalez.com,001-880-670-9357x191,707,Consultant
421,Justin,Schultz,lbrewer@branch-butler.com,001-067-639-5951x57494,880,Data Analyst
422,Eric,Ball,jonesalex@lewis.biz,9482880426,423,Engineer
423,Michael,Walter,scottkristina@gmail.com,+1-617-853-7042x7903,446,Product Manager
424,Lisa,Maldonado,ubrown@alexander.biz,0805483150,912,Product Manager
425,Lori,Morgan,leahyoung@welch-graham.com,994-883-4716,749,Product Manager
426,Crystal,Becker,jeffrey23@mercer.com,903-947-0150x30442,810,Data Analyst
427,Louis,Morales,shieldsmeredith@gmail.com,902-734-4336,297,Consultant
428,Jennifer,Crawford,kellymurphy@gmail.com,+1-089-859-1142,417,Engineer
429,Daniel,Berg,johnstoncharles@hotmail.com,(557)628-5099x8420,388,Consultant
430,Patricia,Valdez,alexis99@stewart.info,670-430-3841,225,Marketing Executive
431,Johnny,Ingram,jamiethompson@gmail.com,800-631-4252x6186,321,Consultant
432,Alexis,Smith,jarviskenneth@buck-lawrence.biz,+1-903-774-7035x8347,477,Engineer
433,Connie,Estrada,jbrooks@galloway.net,001-025-137-9190x622,705,Data Analyst
434,Michelle,Mccall,huntperry@hotmail.com,289-316-8725x4683,616,Data Analyst
435,Yolanda,Johnson,mitchellmark@hotmail.com,(318)108-4423,754,Engineer
436,Luis,Herrera,jmccann@burnett.com,+1-758-213-7777x521,931,Product Manager
437,William,Ware,erikaanderson@thompson.net,001-407-343-1233x84461,14,Data Analyst
438,Lindsay,Brown,austin85@hotmail.com,998.792.9300x426,882,Engineer
439,Joe,Freeman,thomasroth@hotmail.com,295-267-8795,516,Consultant
440,Patrick,Flynn,cookdenise@gmail.com,(519)850-5522x32563,295,Data Analyst
441,Barry,Brooks,ngibson@smith-grant.com,(969)465-5468,28,Sales Manager
442,Randall,Sawyer,andersondavid@hotmail.com,001-326-169-6191x4087,629,Data Analyst
443,Samuel,Greer,fhunt@brown.com,+1-732-989-1875x688,22,Marketing Executive
444,Cheryl,Morgan,xhobbs@smith-mcfarland.info,(550)223-4136,213,Data Analyst
445,Jeremy,Robinson,brian86@middleton.org,+1-110-217-9232,674,Sales Manager
446,John,Bennett,kathy87@mathews.com,4301149864,911,Consultant
447,Lisa,Brown,john06@yahoo.com,001-654-377-7627,335,Sales Manager
448,Natasha,Baker,benjamin68@gmail.com,954.572.3630x170,891,Sales Manager
449,Courtney,Buckley,thomasfernando@mccormick-cook.com,(757)004-5963,251,Data Analyst
450,Kayla,Rhodes,valerie61@gmail.com,557-867-5615,80,Sales Manager
451,Brian,Harris,michaelchen@fernandez.info,(483)855-0365,377,Consultant
452,Kristie,Owens,judy13@reed.com,001-344-684-5179x21908,716,Marketing Executive
453,Paul,Thomas,shannon01@yahoo.com,001-722-112-4564,400,Sales Manager
454,Samuel,Brown,uhaley@davis.com,(964)802-9934,78,Data Analyst
455,Steven,Hanna,judy54@munoz.com,001-866-391-3338x0580,720,Data Analyst
456,Angela,Duarte,piercemark@gmail.com,5678437203,338,Consultant
457,Douglas,Ewing,sscott@krause-bennett.com,397-006-9770x93219,412,Engineer
458,Anthony,Brennan,robertdixon@gmail.com,001-462-975-3103x234,850,Product Manager
459,Cassandra,Goodwin,djohnson@yahoo.com,908-711-1183x419,363,Data Analyst
460,Stephanie,Robles,kchavez@young.com,568.257.3507,28,Consultant
461,Charles,Adams,markjones@richardson.com,894.835.1637x06882,356,Marketing Executive
462,Robert,Robinson,leejose@yahoo.com,(322)190-4277x0791,340,Data Analyst
463,Jessica,Steele,aallen@velasquez.info,(267)873-9284,701,Consultant
464,Isabella,Lewis,mark95@johnson.org,+1-287-792-3142x6490,23,Consultant
465,Timothy,Holland,taylor37@hotmail.com,(521)999-4668x4214,201,Consultant
466,Shaun,James,adamsbryan@ward.com,294-208-1778x5545,323,Product Manager
467,Omar,Cox,ncox@yahoo.com,+1-649-349-0039x9561,331,Marketing Executive
468,Judy,Serrano,hcaldwell@hotmail.com,(581)040-0378,990,Sales Manager
469,Jeffrey,Rodriguez,harrisdaisy@cox-carlson.biz,+1-911-643-4278,693,Marketing Executive
470,Lauren,Ho,kblack@hotmail.com,+1-977-192-9362x156,269,Marketing Executive
471,April,Taylor,gmiller@velez-jenkins.com,707-478-9128,210,Engineer
472,Linda,Clements,lorifrazier@juarez-jennings.com,958.321.8477x70750,297,Data Analyst
473,John,Young,crystal72@johnson.biz,(283)477-9227x8718,668,Data Analyst
474,Jessica,White,ericawilliams@ortiz.biz,785-241-3918x27459,352,Data Analyst
475,Todd,Richmond,joseph69@hotmail.com,292-362-8695x065,801,Sales Manager
476,Cody,Mills,mary93@gmail.com,+1-838-096-3618,862,Sales Manager
477,Antonio,Gomez,charles17@yahoo.com,217.381.5762x2957,169,Engineer
478,Michael,Scott,riossamuel@yahoo.com,001-196-303-8608,807,Sales Manager
479,Taylor,Nichols,nathan57@howard.com,8903272296,684,Engineer
480,Kevin,Jones,claudiacabrera@gmail.com,+1-549-878-0055x6487,687,Marketing Executive
481,Lisa,Peterson,davisallison@brown-davis.com,+1-324-302-2016,568,Sales Manager
482,Brianna,Davis,goldenbrittany@lane.info,274.193.2551x797,247,Engineer
483,Jared,Estrada,mccarthypatrick@hotmail.com,123-169-6921x167,220,Engineer
484,Ricky,Moses,josephcox@martinez.com,+1-550-096-2486x67294,759,Sales Manager
485,Robert,Hall,umoore@thomas-williams.biz,892-990-4682,475,Marketing Executive
486,Brian,Yang,gutierreznoah@daniel.com,+1-426-897-4037x0941,90,Consultant
487,Brandon,Armstrong,alexandrabailey@meyer.com,715.526.9090,446,Consultant
488,Chad,Chen,colerodriguez@bush.info,(854)740-4387x782,651,Product Manager
489,Jonathan,Davis,karen24@yahoo.com,+1-441-764-6391x84005,262,Sales Manager
490,Ryan,Green,karen34@hotmail.com,(820)746-9486x19897,639,Marketing Executive
491,Judith,Rowland,harrisstephanie@yahoo.com,268.980.5423,790,Consultant
492,James,Robinson,qfischer@hotmail.com,(791)985-2277,829,Data Analyst
493,Lori,Velazquez,cwalters@yahoo.com,607-274-5707,626,Consultant
494,Ryan,Page,angelakennedy@smith.com,+1-863-601-6862x96275,761,Marketing Executive
495,Troy,Combs,garciasherry@hotmail.com,+1-354-876-2198x3516,157,Data Analyst
496,Patricia,Brennan,emorgan@adams.info,410.067.3069x065,698,Engineer
497,Timothy,Ochoa,miguelperez@hotmail.com,+1-509-223-0767x98283,296,Data Analyst
498,Kara,Harris,jeffrey38@yahoo.com,+1-192-618-1477x14730,454,Sales Manager
499,Brian,Howard,stephaniewarner@gmail.com,860.618.1131,585,Engineer
500,David,Holland,austinwilliams@ruiz-hudson.com,428.824.9194x71113,819,Consultant
501,Andrea,Clark,gwolfe@hotmail.com,5281695910,571,Data Analyst
502,Dakota,Lane,tgarcia@yahoo.com,388-539-1712x39973,935,Sales Manager
503,Daniel,Wolf,dbrown@anthony.com,+1-350-951-2371,918,Data Analyst
504,Joseph,Dixon,roachmichael@hotmail.com,+1-135-374-5000x44906,178,Engineer
505,Alison,Hansen,yboone@hotmail.com,045-171-0024x17718,64,Consultant
506,Lisa,Lewis,hblackburn@zavala.net,+1-179-777-6412x330,779,Marketing Executive
507,April,Watson,ellismichael@yahoo.com,5632126485,244,Marketing Executive
508,Jack,Hines,audreysloan@ross-bennett.net,(243)257-7042x6215,870,Marketing Executive
509,Kimberly,Hardy,owensjulie@lamb-barrett.com,855.382.0480,474,Engineer
510,Regina,Lee,ninajennings@hotmail.com,(943)786-9206,66,Engineer
511,Nicole,Lucas,zosborn@gmail.com,(864)816-5971x6117,970,Consultant
512,Robin,Gates,nsampson@yahoo.com,(719)240-5628x96366,197,Engineer
513,James,Marshall,williamsangela@hotmail.com,+1-281-851-6790x7648,118,Sales Manager
514,John,Brown,maryhenderson@rogers.com,001-437-100-1397x95638,776,Consultant
515,Roger,Murphy,laura43@santos.net,(099)331-2084x120,140,Consultant
516,Joshua,Flores,brownrachael@johnson-daniel.info,(394)971-4887x9497,937,Engineer
517,Linda,Nielsen,jasminwright@vargas.info,866-266-2981,523,Consultant
518,Jackie,Lynch,wrighttimothy@walker.com,621.789.6089x577,476,Product Manager
519,Randy,Wheeler,pamelajordan@yahoo.com,554-356-9789x2439,369,Product Manager
520,Antonio,Kelly,brian13@castro.com,001-297-811-3931x18215,710,Data Analyst
521,Jose,Harris,coryhoffman@arias.com,+1-616-608-3764x36824,418,Sales Manager
522,Joshua,Jordan,qsimpson@yahoo.com,360-639-9605,141,Data Analyst
523,Alison,Young,john08@yahoo.com,001-914-956-3387x462,172,Sales Manager
524,Mark,Young,tammykent@hansen-kaufman.info,005.436.1585,177,Sales Manager
525,Dennis,Johnson,kiddpenny@maldonado-raymond.com,629.920.9214,985,Sales Manager
526,Michael,Cooper,henryerik@yahoo.com,(796)006-6528,845,Consultant
527,Jeremy,Parker,jon01@yahoo.com,141-596-3884,603,Consultant
528,Michael,Martin,halejeremy@yahoo.com,(082)263-8462x58921,127,Sales Manager
529,Maurice,Paul,grahammichael@gmail.com,343-596-6785x3935,80,Sales Manager
530,Joshua,Luna,garciacynthia@johnson.com,6477121029,586,Marketing Executive
531,Brian,Miller,smithsteven@garcia.com,001-579-314-4774x7038,599,Data Analyst
532,Kara,Gray,laurapratt@yahoo.com,705.949.1082x69181,455,Data Analyst
533,David,Griffith,tromero@yahoo.com,+1-659-832-5922x76043,892,Data Analyst
534,Robert,Nelson,evanjohnson@hotmail.com,527.401.5157,407,Marketing Executive
535,Jared,Wells,hubbardjohn@gmail.com,179.372.7763x1420,971,Product Manager
536,Zachary,Mclaughlin,smithbrenda@woods-williams.biz,(140)389-5548x41772,399,Data Analyst
537,Daisy,Cole,estafford@gmail.com,+1-990-426-3115x226,886,Marketing Executive
538,Aaron,Wright,johnsonlarry@walker.net,101.501.6427,144,Sales Manager
539,Stephanie,Boyd,udiaz@gmail.com,972-466-6300x6886,56,Consultant
540,Tina,Suarez,zimmermanbreanna@yahoo.com,001-782-462-9941x293,699,Sales Manager
541,Chloe,Savage,boylenicole@guerrero.com,+1-502-785-5493,914,Sales Manager
542,Kathleen,Gonzalez,vhess@hotmail.com,788.207.9812x5641,514,Sales Manager
543,John,Gonzalez,kathleenpham@hotmail.com,069.576.9814x7859,618,Data Analyst
544,Robert,Allen,laurenromero@jackson.org,+1-035-983-1239x35651,556,Sales Manager
545,Melinda,Wells,hthompson@yahoo.com,+1-675-778-1327,685,Marketing Executive
546,Christopher,Ayers,michaelmurphy@gmail.com,158-184-7689,367,Marketing Executive
547,Briana,Grant,xadams@hotmail.com,692.773.7566,857,Marketing Executive
548,Michael,Friedman,sarahrogers@hotmail.com,423-197-4430,489,Marketing Executive
549,Ronnie,Hawkins,lauren11@taylor-powell.com,+1-263-414-6629,63,Sales Manager
550,Amanda,Parrish,natasha68@gmail.com,253-740-9619,572,Marketing Executive
551,Gabriella,Schultz,misty07@hutchinson.org,+1-544-361-4343x5561,745,Product Manager
552,Peggy,Duran,brownrobin@long.com,420-065-1361x1891,730,Engineer
553,Kevin,Barnes,benderrebecca@barrett.info,3100399598,429,Data Analyst
554,Joy,Fowler,campbellrichard@harris-nichols.com,2556814538,574,Sales Manager
555,Mary,Baker,charlesriley@gmail.com,227-928-6621,275,Marketing Executive
556,Douglas,Yates,taylorphilip@huffman-miranda.org,001-468-188-4327x88232,85,Sales Manager
557,Jennifer,Ochoa,simpsonjohn@gmail.com,483.946.3021x5259,581,Engineer
558,Michelle,Mcdonald,nancy21@gmail.com,+1-811-058-3067x12220,742,Engineer
559,Richard,Mcneil,tperry@vaughn.com,001-682-109-4126x2581,807,Engineer
560,David,Nichols,lozanojim@fletcher.info,0935444819,398,Consultant
561,Danielle,Freeman,deancarter@gmail.com,+1-504-740-3746x0308,562,Marketing Executive
562,Sally,Mitchell,kristinlane@yahoo.com,+1-410-326-6213x138,895,Marketing Executive
563,Edward,Hansen,ashley95@hotmail.com,001-247-490-9486,666,Engineer
564,Alec,Wright,jrichardson@roy-morgan.com,468-648-1656,319,Product Manager
565,Debra,Moore,sharonsantos@yahoo.com,763.914.6066x710,833,Product Manager
566,Frank,Gardner,ysloan@gmail.com,+1-076-356-4179x30018,356,Data Analyst
567,Christina,Kim,mooredorothy@cross-middleton.org,095-885-4172,196,Consultant
568,Anna,Clark,johnsonloretta@hull-hughes.org,657.904.0414,45,Data Analyst
569,Mitchell,Wilson,daniel20@sullivan-watson.com,585-736-0518x0256,304,Product Manager
570,Jennifer,Huber,billy64@gmail.com,465.027.0273x1893,817,Product Manager
571,Sarah,Arnold,ashleyzuniga@hotmail.com,001-265-200-6913x6307,578,Product Manager
572,Danny,Jones,melissamurphy@lutz.net,(746)104-4177x74457,405,Sales Manager
573,Sarah,Ross,wcarter@yahoo.com,(300)048-7025,594,Product Manager
574,Todd,Simpson,cholmes@beck-carey.org,066.767.8975,152,Sales Manager
575,Sandra,Winters,tracy04@yahoo.com,6400244219,217,Product Manager
576,Austin,Smith,aprilvance@gmail.com,(003)169-8856,473,Sales Manager
577,John,Baker,bpatterson@gmail.com,497-223-2381x03519,376,Engineer
578,Jennifer,Mcguire,benjaminclark@smith-hunt.net,+1-750-123-8640x1682,621,Data Analyst
579,Kristopher,Brown,davidmejia@hotmail.com,1420263496,626,Sales Manager
580,Linda,Lawson,eric73@yahoo.com,(471)256-8970x3401,523,Sales Manager
581,Nicholas,Johnson,lynnanderson@hotmail.com,001-568-273-8182x7448,52,Marketing Executive
582,Danielle,Hernandez,holly15@castaneda.org,4951277141,61,Engineer
583,Vernon,Thornton,sarahpeterson@johnson.com,+1-612-626-1946x348,865,Consultant
584,Tammy,Campbell,crawfordrebecca@yahoo.com,731-336-7998,580,Consultant
585,Robert,Schmidt,meganwalker@potter.com,166.301.4190,518,Marketing Executive
586,Scott,Zamora,anne02@hotmail.com,(169)920-6768x530,507,Data Analyst
587,Donald,Gibson,josephknight@costa.net,+1-261-580-1350x2238,429,Engineer
588,Samuel,Woodward,crystal75@walker-hernandez.com,190.884.4177,882,Data Analyst
589,Chase,Roy,thomas60@peck.com,001-251-936-6946x547,547,Engineer
590,Carmen,Hendricks,gallaghererika@yahoo.com,+1-453-001-1360x904,262,Consultant
591,Joseph,Howard,omoore@sims.com,150.934.2711x782,909,Data Analyst
592,Nicole,Rodriguez,owhite@hotmail.com,0593394952,459,Data Analyst
593,Jennifer,Hanson,james50@elliott-stevens.info,(696)490-8431,40,Product Manager
594,Thomas,Bailey,xschmidt@gmail.com,001-147-733-0013,456,Sales Manager
595,Michael,Allen,anthonymorris@cunningham.com,162-109-2229x894,826,Marketing Executive
596,Thomas,Meyer,danielle05@murphy-floyd.com,001-446-311-5302x737,850,Engineer
597,Jeffrey,Ramirez,scotttanner@yahoo.com,+1-405-146-2007,202,Sales Manager
598,Andrea,Sparks,navarrosabrina@tucker.org,(207)569-7880x9921,696,Engineer
599,Christy,Walker,gary98@thompson.net,800.690.0283,102,Sales Manager
600,Kayla,Williamson,fmoore@hotmail.com,839.514.4710,689,Consultant
601,Sydney,Wagner,wesley88@hotmail.com,+1-526-641-4059x371,314,Sales Manager
602,Cheyenne,Lewis,rebecca35@yahoo.com,(574)192-9715,809,Product Manager
603,John,Lewis,hannah91@hotmail.com,891.641.5591,870,Product Manager
604,Matthew,Castro,brandongomez@oneill-matthews.com,(605)643-7868x82220,538,Sales Manager
605,Brandon,Todd,ellen75@finley-roberson.biz,(542)834-7840x64645,297,Product Manager
606,Bryan,Johnson,cheyennebryant@hotmail.com,001-471-948-7736x9994,794,Data Analyst
607,Joshua,Warner,wilsonnicole@hotmail.com,(364)078-4924,798,Engineer
608,Edward,Harris,steveday@white.com,(219)095-4712,868,Consultant
609,Susan,Rosario,franknorris@weiss.net,+1-108-901-3625x1389,719,Consultant
610,Dennis,Mahoney,powellkyle@yahoo.com,001-624-609-0860x27672,214,Consultant
611,Mary,Cook,jenniferjenkins@vega.com,694.952.7266x930,236,Data Analyst
612,Michelle,Combs,cassandrajames@hotmail.com,624.957.7353x440,83,Marketing Executive
613,Marc,Johnson,williamspatrick@yahoo.com,064-727-0112x56168,913,Consultant
614,David,Bean,derek33@mejia.info,001-566-572-3668x97496,206,Engineer
615,Daniel,Lopez,marythompson@gmail.com,001-152-657-5933,808,Product Manager
616,Justin,Fox,ywilliamson@gmail.com,+1-128-218-6249,204,Data Analyst
617,Patrick,Lewis,alicemartin@mcbride.com,127-524-4207,281,Data Analyst
618,Mary,Obrien,rrobinson@navarro.com,406.098.7361x617,680,Marketing Executive
619,Tanya,Oliver,fjohnson@hotmail.com,001-503-663-0601x17003,875,Marketing Executive
620,Bryan,Perry,egonzalez@gmail.com,232.753.3524,241,Product Manager
621,Patricia,Vega,alexis28@norris.com,226.782.4459,310,Engineer
622,Joshua,Ray,elopez@rogers.biz,929-565-2322x96700,453,Data Analyst
623,Helen,Edwards,heather16@cobb-anderson.net,001-494-997-2407x508,153,Engineer
624,Cindy,Rivers,lclark@gmail.com,001-703-817-3277x065,874,Product Manager
625,Penny,Pham,aaron45@harper.com,(753)884-7026,507,Marketing Executive
626,Heather,Foster,qwilliams@smith.biz,001-232-271-8349x789,784,Consultant
627,Daniel,Martinez,nathan90@gmail.com,(115)993-6754,371,Data Analyst
628,Albert,Taylor,bretttaylor@palmer.com,260.506.0897,157,Data Analyst
629,Kimberly,Patel,abaker@green-conway.com,(292)554-0281,684,Sales Manager
630,Stephanie,Brock,philiphart@giles.biz,001-912-866-6414x6699,947,Sales Manager
631,Paul,Moore,santosmichelle@hotmail.com,(196)852-9356x17681,567,Consultant
632,Angela,Stewart,lorettaadams@yahoo.com,2006648176,620,Consultant
633,Connie,Pace,ljones@yahoo.com,766-808-7518x7760,860,Consultant
634,Edward,Burgess,allenmarquez@gmail.com,408-081-4662x01580,39,Data Analyst
635,Heather,Irwin,andrearogers@hotmail.com,+1-689-282-4135x182,813,Consultant
636,Dana,Frazier,ohansen@yahoo.com,641.961.7087,910,Engineer
637,Angelica,George,williamspaul@hotmail.com,(151)085-2018x5235,132,Product Manager
638,Jordan,Green,johnsonbrittany@yahoo.com,843.205.8503x612,410,Consultant
639,Anthony,Zuniga,wpalmer@gmail.com,4124824494,135,Product Manager
640,Cynthia,Sullivan,thompsonbenjamin@lee-diaz.net,001-112-260-2455x0600,849,Product Manager
641,Scott,Bauer,joshuaandrade@hotmail.com,+1-350-884-6796x73533,144,Consultant
642,Katherine,Crane,imorgan@bentley.com,(033)812-4166x1677,128,Data Analyst
643,Jason,Dudley,hjackson@hotmail.com,633.218.2478x55630,656,Marketing Executive
644,Jennifer,Davis,rachelgriffin@lambert.org,0255270242,571,Sales Manager
645,Gary,Bryant,lisaburgess@hotmail.com,001-252-384-6135,542,Engineer
646,Peggy,Davis,katiemejia@yahoo.com,4810390301,555,Sales Manager
647,Leslie,Duncan,knoxamy@gmail.com,001-877-801-5646x097,44,Data Analyst
648,Kristen,Mack,lynchjoseph@kelly.com,+1-071-126-3423x983,853,Product Manager
649,Samantha,Campbell,anthony99@jones-pierce.info,444-631-4428x74290,69,Engineer
650,Adrienne,Wright,zjenkins@hotmail.com,001-069-209-3428x50681,343,Consultant
651,Eric,Gonzalez,lisa55@horn-ramirez.com,007.540.9248x595,639,Engineer
652,Megan,Juarez,jonesjulie@gmail.com,414-962-1243x6261,847,Consultant
653,Jennifer,Marquez,ellistheresa@hotmail.com,253.491.0932x69087,509,Data Analyst
654,Patricia,Ramirez,dstone@campbell.com,820-398-7202x6509,928,Marketing Executive
655,David,Anderson,bradleyhill@jackson-gutierrez.com,740.456.3680x8589,390,Data Analyst
656,Gary,Rogers,paul10@jennings-garrison.com,360.444.4500,898,Engineer
657,Luke,Murphy,john17@hubbard.biz,+1-486-592-1350x6148,72,Engineer
658,Noah,Alexander,ethan19@yahoo.com,(292)910-3078,71,Product Manager
659,Leonard,Dudley,conleylisa@munoz.net,357.199.7604x07604,481,Engineer
660,Samuel,Harmon,qjohnson@yahoo.com,334-867-8996x0391,439,Engineer
661,Charlotte,Barnes,trevor09@gmail.com,(783)685-7108,116,Sales Manager
662,Richard,Garcia,troy32@castillo.info,215-811-2126,273,Product Manager
663,Maureen,Anderson,michaelguerra@evans-dixon.com,854.211.2088,524,Data Analyst
664,Alexandria,Thomas,elizabeth92@gmail.com,416.477.0650,993,Sales Manager
665,Linda,Cobb,tyler01@wagner.info,+1-724-341-5856x80292,716,Product Manager
666,Alicia,Graham,lisabryant@yahoo.com,479.240.3356,707,Sales Manager
667,Jill,Mendoza,yvonnebaxter@gmail.com,(595)964-4787x85094,648,Engineer
668,Erin,Davis,aruiz@nelson-jensen.com,3440195303,829,Sales Manager
669,Daniel,Jones,gford@thompson.info,710.102.2808,551,Engineer
670,Jennifer,Frye,snyderjames@thompson.net,1594144340,260,Marketing Executive
671,Jacob,Kelly,paulasmith@gmail.com,001-897-520-7926,711,Engineer
672,Jon,Green,penaanthony@meadows.com,044-874-5081x009,191,Product Manager
673,Anthony,Franklin,william49@garcia-salazar.com,(087)464-0218,118,Data Analyst
674,Michael,Sanchez,christopherhartman@yahoo.com,001-462-726-2723x11832,564,Marketing Executive
675,Michael,Wright,michaelgutierrez@yahoo.com,785.277.6008,649,Consultant
676,Jeffrey,Stewart,jessicamartin@simpson-garcia.com,365.069.7186x789,755,Engineer
677,Maria,Warren,woodsedward@gmail.com,922-172-8381,360,Sales Manager
678,Carly,Williams,ymartin@brown.com,5592960712,154,Product Manager
679,Michael,Stuart,calebdavidson@lester-moss.com,(030)423-4599,615,Sales Manager
680,David,Ross,wberg@harris.com,001-009-287-3930x35500,166,Sales Manager
681,Kenneth,Pineda,austinhayes@gmail.com,344.728.7073x043,819,Marketing Executive
682,Jasmine,Callahan,joannunderwood@mcguire.org,9944619149,241,Consultant
683,Kenneth,Barry,anthonytaylor@gmail.com,001-438-260-2992,145,Engineer
684,Bernard,Webb,brownjanet@gmail.com,017.025.9359x939,737,Sales Manager
685,Veronica,Armstrong,qscott@hotmail.com,(876)588-5692,117,Marketing Executive
686,Melanie,Cabrera,sharris@ortega.info,8593932321,308,Product Manager
687,Andrew,Blackburn,georgesolomon@gmail.com,619-091-0830x307,401,Engineer
688,Diane,Raymond,villanuevajohn@turner.com,001-900-409-2379x99752,35,Engineer
689,Anthony,Owens,katherinedawson@gmail.com,7539242143,786,Marketing Executive
690,Kimberly,Conley,russellthompson@marshall-perry.biz,+1-077-253-8719x283,743,Consultant
691,Timothy,Henry,john70@hotmail.com,+1-699-421-0066x062,820,Marketing Executive
692,Casey,Green,ybrown@andrews-sullivan.com,477-381-4621x0609,416,Data Analyst
693,Kimberly,Bradford,pelliott@roberts-stewart.biz,+1-628-137-3507x70609,70,Data Analyst
694,Jeffrey,Brown,gjohnson@gmail.com,+1-723-862-6441x1617,268,Engineer
695,Ryan,Fox,radams@yahoo.com,0740160986,301,Marketing Executive
696,Roy,Obrien,denisetownsend@hotmail.com,+1-776-700-6244,506,Sales Manager
697,Gabrielle,Cervantes,christina84@gmail.com,304-696-9706,835,Product Manager
698,Russell,Torres,ewilkinson@torres-pope.com,095-691-8937,884,Marketing Executive
699,Kimberly,Beck,phillip98@yahoo.com,651.332.5419,114,Marketing Executive
700,Maureen,Waller,odomheather@gibson.biz,9445316927,102,Product Manager
701,Nicole,Palmer,dianamoses@gmail.com,(514)066-0929x819,528,Sales Manager
702,Kristin,Barber,jcastillo@mendoza-white.com,113.435.2499,494,Consultant
703,Troy,Cole,julie50@hotmail.com,211.557.4583x43631,215,Engineer
704,Lauren,Johnson,jennifer20@hotmail.com,001-516-064-0996x08848,679,Marketing Executive
705,Paul,Hubbard,cmckay@hotmail.com,+1-883-953-1362x777,319,Data Analyst
706,Robert,Oneal,smithcathy@gmail.com,074.600.7343x477,162,Consultant
707,Sarah,Bennett,tfoster@mckinney.com,654.360.7328,749,Consultant
708,Karen,Crawford,benjaminkemp@gmail.com,2057411363,762,Consultant
709,Mark,Harris,rbell@mack.com,001-088-889-3937,439,Marketing Executive
710,Danielle,White,xenglish@gmail.com,(841)573-1034x187,89,Marketing Executive
711,Olivia,Ramos,rickycollins@hotmail.com,(785)114-0202x476,95,Marketing Executive
712,Shaun,Sanders,howardbrian@wilson-rice.info,+1-262-755-1049x66256,428,Product Manager
713,Karen,Ortiz,solischristopher@hotmail.com,687-840-9700x34555,623,Engineer
714,Samantha,Todd,martinezmichele@combs.com,152-976-3130x06990,893,Engineer
715,Bobby,Hunter,daviscody@gmail.com,001-373-134-0919x896,966,Consultant
716,Lacey,Morrison,jessicalopez@gmail.com,433-289-9388x67658,412,Sales Manager
717,Robert,Gonzalez,calebzimmerman@gmail.com,+1-064-604-7134x59148,933,Data Analyst
718,Carol,Barrett,alexander49@hotmail.com,166-074-9274,452,Sales Manager
719,Patricia,Robinson,sandra43@hotmail.com,450-915-9584x79700,115,Sales Manager
720,Bethany,Meyer,mschwartz@duarte-martinez.com,464.405.0964x5048,232,Sales Manager
721,Douglas,Jackson,amyfranklin@hotmail.com,158.337.7729,856,Marketing Executive
722,Dawn,Hill,porterjohn@hunter.com,(107)271-7731,264,Data Analyst
723,Erica,Villegas,brenda57@hotmail.com,001-379-544-7839x5281,546,Data Analyst
724,Pamela,Stanley,brenda73@yahoo.com,256.347.7249x64426,887,Product Manager
725,Angelica,Berg,jacobcampos@hotmail.com,001-125-871-8212x750,330,Engineer
726,Evelyn,Garcia,robert08@shelton-nelson.com,238-230-6537,273,Sales Manager
727,Jeffrey,Ray,williamcraig@smith.com,(250)781-8338,717,Data Analyst
728,Lisa,Hall,hmitchell@diaz.com,(228)760-5388x98653,849,Marketing Executive
729,Tammy,Stephens,wilsonjennifer@powers.net,(636)729-2340x6108,133,Product Manager
730,Anthony,Meyer,dennisbailey@hotmail.com,472.994.0527x845,241,Product Manager
731,Laura,Nixon,awood@gmail.com,+1-950-724-0019x0389,66,Sales Manager
732,Sydney,Jackson,msantiago@brown.biz,001-645-159-5440x453,228,Engineer
733,John,Baker,fernandezscott@hotmail.com,629.773.5450x39368,481,Marketing Executive
734,Katherine,Woods,dustin33@gmail.com,+1-743-923-2556,158,Sales Manager
735,Mindy,Robinson,xyu@simpson-barnes.com,379-504-3497,747,Engineer
736,Juan,Villegas,darius46@hotmail.com,+1-045-976-0267x2146,643,Marketing Executive
737,Hannah,Mason,phillipwatson@yahoo.com,001-704-046-8477,523,Consultant
738,Jack,Perez,ericamartinez@davis-torres.com,(020)455-9225,94,Marketing Executive
739,Dalton,Mendoza,walkerjason@edwards.com,6464312416,488,Product Manager
740,Randall,Frank,gloverkyle@hotmail.com,7247825196,685,Marketing Executive
741,Michelle,Davis,mcgeecharles@hotmail.com,(891)481-2129x4509,187,Marketing Executive
742,Nathan,Marquez,katherinehamilton@white.com,(777)936-5673x13649,839,Consultant
743,Ann,Wang,timothyberg@yahoo.com,+1-878-092-1302x1774,522,Consultant
744,Mariah,Watson,courtney65@weber.info,530-681-1116,397,Engineer
745,Anita,Leonard,lisamassey@yahoo.com,(724)531-1068x431,611,Marketing Executive
746,Angela,Walker,uharmon@hotmail.com,001-183-434-2249,835,Engineer
747,Troy,Ayala,dweiss@johnson.com,(975)744-2350x63667,658,Engineer
748,Karen,Burns,susan78@hotmail.com,233-070-4235x74830,136,Sales Manager
749,Robin,Cobb,meghanvalenzuela@gmail.com,001-038-233-7150,987,Marketing Executive
750,Dustin,Gray,davidyork@holloway-vazquez.com,(826)151-0692x79736,396,Consultant
751,Rodney,Brown,josephkennedy@gmail.com,+1-097-900-2022x856,903,Engineer
752,Victoria,Young,katherineoconnor@young.com,+1-429-315-2153x716,81,Data Analyst
753,John,Sanchez,schultzsheri@larsen.org,(370)804-5945,951,Marketing Executive
754,Nicole,Duncan,diane03@shepard-richmond.info,186.992.9811,303,Product Manager
755,Larry,Brown,bhaley@yahoo.com,5660334695,415,Engineer
756,Joseph,Mcdaniel,vrobinson@nunez.com,706-547-2421x06103,590,Sales Manager
757,Robert,Ward,omatthews@frank-caldwell.com,340-990-7859x78844,900,Engineer
758,Jillian,Hernandez,sbarber@hotmail.com,001-051-875-9628,131,Consultant
759,Philip,Hernandez,perezjermaine@hotmail.com,8887332496,963,Product Manager
760,Jonathan,Washington,barbarajohnson@gmail.com,197.855.4799x766,975,Product Manager
761,Sarah,Thompson,charles10@marshall-walker.info,044.119.0593,363,Consultant
762,Jessica,Carter,jacquelinecole@williams.info,(107)808-0134,261,Data Analyst
763,Connor,Wilson,josephgomez@yahoo.com,506.952.6877,99,Sales Manager
764,Carlos,Nichols,emily19@gmail.com,(877)840-4106,421,Marketing Executive
765,Phillip,Underwood,perryroger@gmail.com,+1-234-419-9619x609,545,Marketing Executive
766,Kyle,Hill,wilsonadrian@thompson.com,181.270.2424,650,Product Manager
767,Tiffany,Stevens,marcmurray@acevedo.com,445-008-7638,868,Marketing Executive
768,Courtney,Ray,richard91@andrews.com,001-703-839-8054x1864,633,Data Analyst
769,Jennifer,Cooper,saratorres@bennett.com,820-789-5522x71432,447,Engineer
770,Leslie,Bender,leslie24@hotmail.com,(137)961-8358x3547,137,Engineer
771,Aaron,Cross,ashley97@gmail.com,458-594-3809,791,Product Manager
772,John,Hodge,xnelson@hotmail.com,001-218-111-9939,373,Data Analyst
773,Samantha,Houston,xmoore@mckinney-mann.biz,001-655-173-3466x174,965,Sales Manager
774,Bruce,Burgess,martingarcia@hotmail.com,+1-209-165-7141x5946,893,Marketing Executive
775,Rebecca,Myers,alejandronavarro@yahoo.com,+1-889-298-4231x820,647,Product Manager
776,Sandra,Duran,anthonykelly@oliver-escobar.org,+1-917-081-1897x38434,511,Sales Manager
777,Javier,Cannon,moorepatricia@gmail.com,5094637357,153,Engineer
778,Rachel,Russell,xcortez@guerrero-cisneros.org,(435)478-9353x5976,670,Data Analyst
779,Alison,Alvarez,williampitts@gmail.com,(494)082-0518x02155,382,Product Manager
780,Elizabeth,Lane,psmith@yahoo.com,960.898.6124x0674,489,Data Analyst
781,Erin,Turner,changsteven@cobb.com,(825)691-7491x87900,204,Product Manager
782,Thomas,Campbell,goodmanmichael@williams-lewis.net,001-007-880-8808x77929,222,Consultant
783,Albert,Brown,melissablake@gmail.com,+1-978-490-2624x9381,340,Consultant
784,Donna,Hicks,mclaughlintaylor@hotmail.com,520-042-2091,889,Sales Manager
785,Billy,Mcdaniel,umatthews@stanley-williams.com,452.260.6301,61,Consultant
786,Katrina,Buckley,petersonbobby@gmail.com,+1-038-540-7089x3976,758,Product Manager
787,Eddie,Sullivan,johnmartinez@porter.com,001-047-749-3670x2624,245,Consultant
788,Gregory,Martinez,rebeccagarza@yahoo.com,(405)294-2905x55127,530,Sales Manager
789,Ashley,Watson,michaelmckay@hotmail.com,001-327-059-8510x4350,322,Marketing Executive
790,David,Stevens,xwong@schneider-meyer.com,001-249-716-3242x9566,872,Consultant
791,Samantha,Schmitt,ortizkatherine@hotmail.com,783-976-7174,278,Consultant
792,Jason,Harris,xstanley@tucker.info,+1-576-961-3938x39319,513,Product Manager
793,Lacey,Davis,knoble@woods-fitzgerald.com,+1-067-729-5607x4180,830,Marketing Executive
794,Timothy,Saunders,phillipsdouglas@hotmail.com,150.095.7474x2108,798,Product Manager
795,Robert,Jones,poolebrandon@espinoza.net,+1-231-866-0979,329,Consultant
796,Lori,Ramos,davidholland@ellis.com,237-507-6684x08356,248,Sales Manager
797,Danielle,Martinez,ewilson@petty-hickman.com,7092470431,554,Data Analyst
798,Jennifer,Rogers,danielpatterson@gmail.com,9975724033,312,Consultant
799,Laura,Matthews,uwade@warren.com,(849)622-9105x51206,444,Engineer
800,Christine,Stanley,michellebrown@hotmail.com,+1-638-170-6392x062,344,Consultant
801,Alexa,Bowers,christine06@hotmail.com,375.858.5112x97852,412,Marketing Executive
802,Hannah,Edwards,robert32@castaneda-sims.org,+1-248-554-9413x692,977,Product Manager
803,Johnny,Hernandez,swoodward@daniel-oconnell.biz,001-848-623-0040,794,Engineer
804,Debbie,Roberts,potterchristopher@gmail.com,103-554-6653,897,Product Manager
805,Chelsea,Roberts,astrickland@brooks.com,001-657-138-9117x5642,177,Sales Manager
806,Paula,Evans,jennajackson@yahoo.com,255.637.6449x4322,894,Product Manager
807,Nicole,Hines,timothylopez@petersen-johnson.net,988.788.2629,961,Engineer
808,Shawn,Burgess,amandameyer@hotmail.com,001-516-157-7860x209,358,Consultant
809,Samantha,Lopez,campbelltimothy@figueroa.biz,(173)719-3393x7262,856,Product Manager
810,Beverly,Smith,robinwright@harvey.com,+1-993-197-2255,726,Sales Manager
811,Melissa,Nguyen,bmartinez@johnson-martin.net,+1-361-498-1374x956,428,Engineer
812,Brittany,Arroyo,jessicagarcia@hinton-wang.biz,665.169.5119,896,Sales Manager
813,Tammy,Smith,floresashley@herrera.com,795-733-8771x778,700,Engineer
814,Tyler,Berry,bgonzalez@hotmail.com,001-455-105-9970x045,854,Engineer
815,Ashley,Reynolds,fpatrick@gmail.com,+1-880-695-8009x7604,484,Marketing Executive
816,Laura,Combs,woodkimberly@conley.biz,116-909-8441x56006,630,Engineer
817,Susan,Ingram,donaldkent@hotmail.com,001-922-894-7794x17676,272,Marketing Executive
818,Adam,Yates,josephcole@buchanan.org,(805)708-8968x58220,584,Engineer
819,Nicole,Lloyd,fletcherkatherine@yahoo.com,1355947650,732,Data Analyst
820,Kerri,Arellano,scottberg@yahoo.com,+1-408-580-0542x68741,788,Consultant
821,Douglas,Moreno,smithandrew@mcintosh.com,273-195-0998x84776,529,Product Manager
822,Teresa,Walker,milesmax@thornton.org,621.203.2060x18123,275,Engineer
823,Sarah,Murphy,james18@hotmail.com,(269)104-6693,373,Marketing Executive
824,Kimberly,Kaiser,chambersjessica@hotmail.com,+1-475-963-5336x600,369,Marketing Executive
825,Susan,Clark,amy78@hotmail.com,215.951.7201,417,Consultant
826,Beth,Singleton,comptonluis@king.org,751-647-2624x67691,975,Data Analyst
827,Daniel,Navarro,achristian@yahoo.com,001-992-091-8315,628,Consultant
828,Andrew,Brown,parkserica@yahoo.com,001-029-475-9688,563,Sales Manager
829,Michael,Morales,brandonroberson@gmail.com,274-678-9696,532,Sales Manager
830,Michael,Hensley,vberg@gmail.com,(573)490-6317x12796,855,Data Analyst
831,James,Dodson,jamesleonard@gmail.com,491-425-9751x5441,628,Consultant
832,Michael,Jenkins,samantha39@drake.net,586-457-2699x7285,452,Marketing Executive
833,Thomas,Jones,crossjoseph@yahoo.com,001-482-921-1273x2334,441,Engineer
834,Austin,Elliott,lorimurray@lopez.biz,001-705-403-3747x597,727,Product Manager
835,Gloria,Ross,danielwilliams@yahoo.com,316-299-6070x2261,716,Consultant
836,Joseph,Jones,omcintosh@yahoo.com,+1-005-770-3891,115,Product Manager
837,Willie,White,millerjose@yahoo.com,+1-417-302-4888x3635,974,Consultant
838,James,Willis,davidjimenez@allen-tucker.info,(439)578-1501x9536,154,Consultant
839,Caleb,Garcia,ashleycraig@stein.biz,785-472-4907,801,Product Manager
840,Sarah,Yates,whiteeric@robinson.biz,+1-304-047-8151,733,Consultant
841,Jessica,Smith,cstewart@foster.info,(626)380-7470,725,Consultant
842,Joseph,Payne,qhoffman@francis.com,(531)857-1120x848,447,Consultant
843,Brittany,Johnson,susanshelton@hotmail.com,194.962.8262x530,974,Data Analyst
844,Aaron,Diaz,becky30@gmail.com,767.845.8463x131,126,Sales Manager
845,Maria,Anderson,christianfowler@gallagher-mccoy.com,(341)137-2800x5908,996,Marketing Executive
846,Angelica,Potts,linda96@robbins.com,6557059304,838,Sales Manager
847,John,Wright,maryrios@gmail.com,+1-963-154-5315x03655,149,Sales Manager
848,Teresa,Johnson,jacksondonald@edwards-brewer.biz,+1-296-251-1870x21998,819,Marketing Executive
849,David,Preston,rodrigueztrevor@gmail.com,692.246.8937x393,917,Engineer
850,Timothy,Morales,jesseporter@gmail.com,199.191.5483x18505,862,Sales Manager
851,Trevor,Wolfe,istevenson@ford.com,(142)255-0574x14106,548,Marketing Executive
852,Loretta,Kim,leedave@wilson-grant.biz,035.494.9855x908,986,Marketing Executive
853,Jennifer,Smith,rivasdavid@peterson.biz,(307)168-3757x687,875,Engineer
854,Victoria,Best,farleyamanda@harris.org,(439)839-3393x6109,175,Product Manager
855,Kimberly,Aguilar,fjohnston@david.com,345.867.8750x278,513,Marketing Executive
856,Tonya,Graham,donald47@gmail.com,917-030-5735,47,Data Analyst
857,Jeffrey,Barnes,james33@gmail.com,579-519-6802,649,Consultant
858,Tina,Norris,williamsrobert@gmail.com,864-437-5020x857,658,Sales Manager
859,Jamie,Powell,ashley22@hotmail.com,+1-916-650-0358,731,Sales Manager
860,Kelly,Werner,kenneth73@yahoo.com,121.305.4533,294,Data Analyst
861,Haley,Pearson,jerome03@edwards.biz,106.677.8481,803,Sales Manager
862,Michael,Jones,adamsyolanda@hotmail.com,001-973-492-4610x47968,994,Marketing Executive
863,Rebecca,Ware,pittmandaniel@lopez.info,(220)140-2343x921,635,Sales Manager
864,Joshua,Garcia,fraziermeghan@gmail.com,+1-983-662-7679x189,536,Engineer
865,Leroy,Nunez,jonathanbarnett@hotmail.com,001-941-558-1190x666,692,Engineer
866,Alexander,Palmer,wmiller@ashley.com,001-131-743-2389x58547,928,Product Manager
867,Brian,Hodge,cespinoza@yahoo.com,111.621.0777x84191,229,Marketing Executive
868,Andrea,Welch,turnerpatricia@thomas.com,(014)707-6982,80,Product Manager
869,Kristina,Nelson,elizabethblair@johnson.info,(833)002-1733x99326,204,Sales Manager
870,David,Fowler,elizabeth90@berger.com,534-097-9587,435,Engineer
871,Tammie,Knapp,ggilmore@gomez-abbott.com,001-462-450-0214,340,Engineer
872,Michael,Reed,kelli22@hotmail.com,847-901-4710x4818,435,Marketing Executive
873,Andrew,Young,zcruz@gmail.com,(710)333-1081,972,Engineer
874,Jessica,Martin,danielwilliams@hotmail.com,(280)674-7209,886,Marketing Executive
875,Catherine,Miller,jesseavery@wade.com,256-130-8506x841,536,Data Analyst
876,Margaret,Hoover,knightchristina@fitzpatrick.info,001-719-494-9371x9590,196,Sales Manager
877,Michael,Gonzalez,ffloyd@griffin.com,001-813-150-7947,840,Marketing Executive
878,Kathryn,Henry,kimberlyburke@gmail.com,674.238.2272x0472,709,Consultant
879,Karen,Holmes,merrittkristina@gmail.com,+1-246-792-9841,44,Marketing Executive
880,Lorraine,Townsend,ataylor@hotmail.com,153.777.3798x43688,33,Product Manager
881,Eric,Kent,jrobinson@taylor.net,(379)030-3496x498,534,Marketing Executive
882,David,George,douglas37@hess.com,244-250-4815,872,Engineer
883,Steven,Lloyd,yorkjennifer@randolph.org,001-053-765-4412x4356,579,Product Manager
884,Jessica,Sexton,wcarey@hotmail.com,214-555-5286,585,Data Analyst
885,Danny,Andersen,jennifer51@mullen.com,226-203-7548x02313,516,Sales Manager
886,Kenneth,Bartlett,jennifer07@patterson-alvarez.com,993.469.7449x611,583,Consultant
887,Cheyenne,Oconnor,jessica25@hotmail.com,+1-555-763-5250x35522,731,Sales Manager
888,Lauren,Hernandez,dyoung@yahoo.com,130.807.0884x25734,118,Sales Manager
889,Ryan,Lewis,teresawilliams@jones.com,003-541-9647,818,Consultant
890,Haley,Evans,lhawkins@gmail.com,776-999-1280x3759,945,Consultant
891,Tiffany,Proctor,sthomas@gmail.com,968-571-5786,241,Consultant
892,Paul,Rose,bbell@gmail.com,(667)011-2806,471,Data Analyst
893,Ronnie,Luna,villanuevaann@cook.org,001-769-724-4363x757,767,Data Analyst
894,Joshua,Martin,thomasandrade@ferguson.net,526-412-2440,528,Product Manager
895,Mary,Underwood,zsaunders@hill.net,373.769.5147x3475,500,Marketing Executive
896,Lauren,Gillespie,megan75@holland-hill.com,618.580.0932x5774,839,Product Manager
897,Hector,Proctor,jaime98@hotmail.com,+1-859-357-2370x5644,982,Consultant
898,Terri,Gonzalez,aimee10@james-weaver.com,541.361.4749x297,390,Marketing Executive
899,Christopher,Lewis,gallen@johnson.com,+1-400-770-7378x527,142,Engineer
900,Rachel,Hicks,gmontoya@hancock.org,(678)745-3119,349,Consultant
901,Sharon,Bradford,dmontes@yahoo.com,685-110-7188x727,929,Marketing Executive
902,Brandon,Graham,zholt@gmail.com,133-047-7439x985,793,Consultant
903,Jason,Erickson,mccoykeith@gonzales.com,756-985-2350x85387,840,Sales Manager
904,Tracy,Watkins,kimcaroline@hotmail.com,0607096069,90,Product Manager
905,Melissa,Brown,jonathan98@yahoo.com,173-304-1981x084,212,Data Analyst
906,Stephanie,Yoder,qbennett@ford.com,256-786-7841x2855,988,Engineer
907,Leslie,Collins,htorres@dodson-hines.com,764.441.5454,576,Sales Manager
908,Tyler,Johnson,ashley93@hotmail.com,876-345-8512x8983,475,Consultant
909,Matthew,Burns,myerschristopher@williams.biz,742-132-9786x9262,76,Product Manager
910,Janice,Solis,tfisher@yahoo.com,171-295-6334x05386,873,Data Analyst
911,Tina,Herman,andreahansen@hotmail.com,(598)639-5303x1444,385,Data Analyst
912,Kimberly,Ross,qanderson@levy.com,467-517-7989x175,436,Product Manager
913,Stephanie,Singleton,zacharyjones@johnson.com,(595)387-7958x7721,856,Product Manager
914,David,Crane,taylorhill@johnson.com,124.753.5174,6,Consultant
915,Lisa,Flores,michellemorton@gmail.com,724.786.4788,298,Marketing Executive
916,Keith,Yang,arthur60@hansen-burnett.com,001-138-779-0264x0738,882,Consultant
917,Marie,Clark,wrightjessica@chan.org,839.111.3420,711,Data Analyst
918,Jeffrey,Bryant,morgan38@hotmail.com,+1-276-143-7570x32622,855,Marketing Executive
919,Keith,Flowers,adrienne15@johns.com,+1-621-418-4129x3778,943,Engineer
920,Edward,Boyd,bwhite@hotmail.com,(597)631-1705,464,Sales Manager
921,Kendra,Carter,ncalderon@yahoo.com,001-859-539-0097x983,193,Consultant
922,William,Hernandez,vcummings@powell-alexander.com,(754)952-2300,777,Marketing Executive
923,Meagan,Mitchell,briggsdavid@lynch.com,460-793-7525x13757,150,Product Manager
924,Shane,Copeland,isaac23@little-bell.net,(362)645-4604x1058,907,Product Manager
925,Kimberly,Henderson,bartonstephanie@dillon-zuniga.biz,748.082.3158x83195,829,Sales Manager
926,Kristopher,Wong,jamieholmes@hotmail.com,224.332.4761x1035,727,Data Analyst
927,Julia,Coleman,brianphillips@hotmail.com,(700)714-5850x66668,756,Sales Manager
928,Jessica,Burnett,wwatkins@gmail.com,(094)688-3822x031,301,Engineer
929,Sheri,Garcia,aprilchung@miller.com,(081)680-0249x1545,498,Product Manager
930,Victor,Foster,csanders@ruiz-welch.net,2101612036,690,Sales Manager
931,Eric,Morris,stephanie14@jarvis.com,+1-868-844-0775x9056,625,Data Analyst
932,David,Simmons,jimmysimmons@yahoo.com,878.520.2936,614,Data Analyst
933,Matthew,Solis,georgeshannon@yahoo.com,+1-867-427-3512x42977,185,Sales Manager
934,Alexandra,Dunlap,zramirez@chaney-thompson.com,(839)270-3993x1886,696,Consultant
935,Anthony,Scott,olivia64@gmail.com,001-148-331-6102x4879,206,Product Manager
936,Tyler,Boyd,joe93@yahoo.com,799-390-7766x477,105,Marketing Executive
937,Steven,Cook,josephallen@hardy.org,001-940-918-3101x0394,702,Marketing Executive
938,Leah,Chang,kara69@black.org,308-148-6612x1592,751,Data Analyst
939,Daniel,Dixon,brandonduke@yahoo.com,(662)706-9851x04000,676,Sales Manager
940,Jack,Wyatt,cooperjessica@hotmail.com,780.398.7368x9084,259,Sales Manager
941,Brandon,Robinson,barbaraoliver@gmail.com,(514)297-4457x40889,948,Engineer
942,Mason,Ballard,tnelson@gmail.com,+1-078-556-7125x687,874,Consultant
943,Kenneth,Henderson,catherine65@gmail.com,(492)367-3987x428,919,Product Manager
944,Kelly,Freeman,scott42@rocha.com,061-559-0885,25,Product Manager
945,Melissa,Long,deanelliott@stewart-carpenter.net,960.825.2887x7648,760,Marketing Executive
946,Terri,Armstrong,michael79@jackson.com,(368)757-5015,685,Sales Manager
947,Kimberly,Williams,graysarah@rose-robles.com,+1-040-902-2488x3172,273,Marketing Executive
948,Maria,White,erinlawson@yahoo.com,001-435-831-3686x5266,794,Product Manager
949,Heidi,Vincent,melissamartinez@hotmail.com,001-894-385-3895x44598,809,Product Manager
950,John,Jackson,treed@griffin.com,+1-106-471-5237,822,Consultant
951,Adam,Rodriguez,ksmith@yahoo.com,8926009298,100,Marketing Executive
952,Helen,Owens,ray58@bennett-ball.biz,0372998487,375,Engineer
953,Jeffrey,Navarro,ashley03@clayton-martinez.com,463.925.1794x7885,300,Engineer
954,Lance,Carter,eblack@kramer.org,890.562.4267,622,Product Manager
955,Kelly,Williams,xcurtis@gmail.com,449-051-6733x860,40,Marketing Executive
956,Raymond,Turner,kevin45@yahoo.com,001-960-025-5030x832,17,Consultant
957,Amanda,Martin,heather42@smith-dennis.org,551.372.7958,157,Marketing Executive
958,Andrea,Hall,april08@spencer-padilla.com,+1-530-254-8358,544,Product Manager
959,Michele,Beard,aalexander@rosario-howard.com,001-883-195-1227,156,Product Manager
960,Emily,Werner,smithbradley@yahoo.com,474-351-5334x3745,695,Engineer
961,Teresa,Williams,barbara54@santos.com,327-088-4388x127,6,Sales Manager
962,Megan,Mathews,masonsmith@hotmail.com,001-829-071-2869x1935,402,Marketing Executive
963,Alison,Rodriguez,changrichard@yahoo.com,+1-920-004-3261x21838,843,Data Analyst
964,Eric,Johnson,palmersteven@yahoo.com,(103)541-7763x01164,910,Marketing Executive
965,Jessica,Hudson,ramosadam@hotmail.com,(667)992-6885,956,Consultant
966,Mary,Wheeler,tinataylor@hotmail.com,(357)577-0602x79876,232,Sales Manager
967,Jane,Cook,gibsonrobert@moreno-mitchell.org,(735)395-9527x22308,341,Consultant
968,Michael,Moreno,michaelgonzalez@trevino.info,(906)526-0300x7480,243,Consultant
969,Janet,Miller,deansara@yahoo.com,+1-124-259-5297x650,710,Product Manager
970,Brandy,Day,courtneygreene@yahoo.com,138-455-4462,972,Product Manager
971,Patricia,Smith,yhoffman@graham.biz,122-432-2339,235,Data Analyst
972,Lisa,Smith,jacksonkenneth@gmail.com,+1-082-680-4241,974,Marketing Executive
973,Gail,Church,omitchell@hart.com,383.599.1511x2968,913,Consultant
974,Mary,King,brianna75@yahoo.com,505-571-0366x7756,852,Sales Manager
975,Jennifer,Chang,kbright@mullins-jarvis.biz,+1-794-790-3263x076,515,Data Analyst
976,Wayne,Moody,scott58@hotmail.com,890-781-3022x25174,268,Engineer
977,Karen,Ruiz,kjackson@le.com,(072)821-2387,288,Marketing Executive
978,Rebekah,Reynolds,sarah05@gonzalez.com,2359416774,928,Product Manager
979,Matthew,Richardson,timothywarren@thomas-robertson.com,(278)844-6333x8285,408,Data Analyst
980,Juan,Stewart,usmith@yahoo.com,+1-315-890-2212x38447,545,Consultant
981,Jasmine,Ferguson,kyliejohnson@hotmail.com,954.800.3987x169,3,Consultant
982,Leslie,Reid,wendyjensen@golden.net,(107)239-3760x5783,665,Sales Manager
983,Carol,Martinez,nmoss@yahoo.com,001-673-939-4284x884,163,Marketing Executive
984,Alexis,Cunningham,hmcdonald@brown-beck.com,+1-506-807-8854x34974,340,Data Analyst
985,Maria,Fox,isaiaharnold@walker.com,+1-083-744-1187,884,Data Analyst
986,Emily,Walker,garrettjill@yahoo.com,783.293.4242x626,917,Data Analyst
987,Patrick,Walker,vking@gmail.com,099.015.0405x37948,603,Sales Manager
988,Joshua,Marks,fvillarreal@williams.info,001-378-098-4212x0890,636,Sales Manager
989,William,Dillon,allenphillips@hotmail.com,(650)835-3108x080,235,Product Manager
990,Robert,Stevens,andersonjerry@yahoo.com,470.283.8245,278,Product Manager
991,Amanda,Cook,bartlettvanessa@hotmail.com,(862)510-7669,739,Product Manager
992,Samuel,Evans,destiny96@yahoo.com,8956751332,818,Marketing Executive
993,Victoria,Wall,nbentley@gmail.com,+1-021-610-9994,356,Product Manager
994,Brittany,Fisher,gibsontyler@sims.biz,+1-049-095-0479x291,663,Engineer
995,Trevor,Holland,robinsonjonathan@cross.biz,958-305-8733,784,Data Analyst
996,Melinda,Dickson,piercexavier@thompson.com,(454)243-0856x8219,6,Product Manager
997,Sergio,Koch,rebecca10@hotmail.com,001-089-230-3130x144,70,Consultant
998,Donna,Stout,amberjackson@jackson-smith.org,8384738174,730,Data Analyst
999,Mark,Gibbs,matthewharris@hotmail.com,1153754365,850,Data Analyst
1000,Barry,Wilson,jacobskenneth@levy.net,+1-653-506-0476x5252,57,Marketing Executive
